{
  "name": "robotworld",
  "version": "1.3.5",
  "title": "Robot World",
  "author": "GamingComet",
  "contact": "",
  "homepage": "",
  "factorio_version": "0.17",
  "dependencies": [ "base >= 0.17", "? boblibrary", "? MoreSciencePacks"],
  "description": "A highly-configurable mod that can modify many aspects of how robots work.  Full customization of how robots and roboports perform (speed, carry size, and more). Allows robots to be used at the start of the game (optional). Allows inserter speed to be configured. And more!"
}